ID_Cliente,Genero,Uso_Datos,Satisfaccion,Llamadas_Servicio_Cliente,Evasion,Duracion_Contrato,Historial_Pagos
C1,0,7.496403170973983,4.517180760598205,2,0,6,2
C2,0,3.5685151544352154,1.3266056423388957,5,0,14,2
C3,0,13.27236983876568,3.9419935089550706,2,1,12,0
C4,1,14.408288327184422,4.72963287022208,3,0,23,1
C5,1,17.700906206060505,1.8801519717210033,0,1,20,2
C6,1,13.71468708916403,2.512839009671587,4,0,5,1
C7,1,16.43944843481235,3.303123623397144,1,0,12,2
C8,1,19.404370618010162,2.5343243026329683,9,0,5,0
C9,1,4.30224070693126,1.7520279981205134,3,1,17,0
C10,1,15.261753246841096,3.5926882999558507,9,0,4,0
C11,0,12.031384043708409,3.83042721682755,9,0,21,1
C12,0,16.135654555864328,3.1985979841817307,10,0,3,1
C13,1,8.688429122113948,3.60339893901149,0,0,24,0
C14,1,15.331895648597445,4.819724922080916,5,0,16,1
C15,1,16.328241996526984,2.420877681335552,4,0,20,1
C16,1,18.867510797645362,2.323191057421199,2,0,2,2
C17,0,14.742384817022515,4.184239273429007,3,0,1,0
C18,0,6.483771065379871,4.40856063562671,7,0,13,2
C19,0,3.4009711724888856,1.9766225275058171,5,1,9,0
C20,1,17.75291514648479,1.3519042741249194,3,1,3,1
C21,0,14.906823192648222,4.431669084653869,0,1,16,2
C22,1,10.665678918076358,3.0605762437205115,5,0,3,0
C23,1,14.458087644464626,4.69164056444628,0,1,16,0
C24,1,11.332375484199932,3.5097543956017114,5,1,14,1
C25,1,12.069404068142818,3.287654241988014,1,0,14,2
C26,0,11.553220897742513,3.2685576753424455,10,0,17,2
C27,0,1.0975301353464053,1.7842302322937527,1,0,12,0
C28,0,3.2755963529981886,1.000031980469743,5,0,4,0
C29,0,15.09102579593706,3.522956199433842,4,0,7,1
C30,1,8.395570250579356,1.0216872320284347,3,1,20,2
C31,1,12.947670173101956,3.556407298219367,0,1,2,0
C32,1,2.5789460670288573,4.988717286842839,10,1,9,2
C33,0,9.460354950938637,1.6134776917288605,6,0,8,0
C34,1,0.8730994725483139,1.8952542474938099,5,1,16,2
C35,1,10.202271139566372,2.2210264892016625,3,0,16,0
C36,0,9.104482516049133,2.8885835368404553,10,1,4,2
C37,0,8.288342246637871,2.0096955327319916,1,0,4,2
C38,0,17.415288955472235,4.702371350443103,7,0,2,2
C39,1,13.84674909894842,2.1078643019571794,7,1,15,0
C40,1,7.3967385702368205,3.510256635978304,4,1,17,1
C41,1,7.076601163579968,2.837971624882796,10,0,16,0
C42,0,6.4544462926371,1.307283508592643,5,0,6,2
C43,1,3.275225727198827,3.5672012379078866,2,0,11,0
C44,0,6.247060042284569,2.7720328211679353,5,0,22,0
C45,0,1.1158856470438303,4.314655646214398,2,1,22,2
C46,1,9.082541693617372,4.7774066006548495,1,1,10,2
C47,1,9.107543148641442,3.872484369686621,6,1,9,0
C48,1,18.82933879407441,3.323275925740421,10,0,3,2
C49,1,8.751954840311535,3.2756940667770795,6,0,2,1
C50,1,2.1104414823030107,3.4670580670938342,4,0,3,2
C51,1,17.634187655542764,2.1019056413179498,10,0,14,1
C52,0,19.549988761452212,1.8029874412596625,0,1,15,2
C53,0,2.9552594183280267,2.0272688308867077,0,1,17,0
C54,1,12.106374811424711,4.819462467462613,3,0,8,0
C55,1,7.662530135930719,1.2273727269095311,0,1,12,0
C56,0,8.001252949181648,4.014560926566623,1,1,14,2
C57,0,16.420263480702655,3.870842631094761,7,0,21,0
C58,1,9.620933240463886,2.755036353274574,1,0,21,1
C59,0,12.350554224286736,1.2801067689596737,1,0,10,2
C60,0,0.7942082551078957,2.7667448538922224,3,1,21,1
C61,1,11.606422690144523,1.8800029587647593,9,0,3,1
C62,1,17.516073687590616,3.0304498463986387,4,1,22,1
C63,0,3.018684495079083,1.8345599779570856,1,1,11,0
C64,0,12.497854410572915,4.430464417455725,3,0,4,2
C65,0,5.072263328817056,4.039606529275587,5,1,16,1
C66,0,4.460822260499648,3.670769497372368,1,0,2,2
C67,0,12.47192266289956,3.8462875406177446,8,0,15,2
C68,1,17.510326649547864,4.625576318996212,3,1,2,1
C69,0,13.310034541567981,2.7827473949176023,8,1,18,1
C70,1,7.31597654727369,2.7677294036490205,8,0,10,0
C71,0,8.812502183702392,3.222916464792046,1,1,19,0
C72,1,5.1334817059672675,2.127339320934677,3,1,22,2
C73,1,11.837690315564247,3.405704086957297,2,0,17,0
C74,1,14.212942084879677,2.401109177681992,3,1,1,2
C75,1,3.188303826702605,1.4684662270316138,9,0,10,2
C76,0,15.3707719274576,2.2624808554101064,6,1,24,1
C77,1,18.363774593808767,3.7608918843965484,9,0,24,2
C78,0,11.241569513522045,3.074197374394095,6,1,12,2
C79,0,15.080002928427959,4.214603628171313,0,1,11,0
C80,0,6.661249894730468,4.325382085947886,10,1,5,1
C81,1,3.593458536108204,1.9387978808560433,1,0,21,1
C82,0,14.977754871503596,3.6367897584969087,8,1,12,1
C83,1,15.258229336982025,1.015591491054189,4,1,24,0
C84,1,6.252310174264881,2.326232874817793,7,0,5,0
C85,0,8.847766794993174,4.359134077392676,7,1,22,2
C86,1,4.808873522749463,1.746508484480711,3,1,17,2
C87,1,17.555680625042115,2.7844830760971053,1,0,21,0
C88,0,16.504702617285254,4.322034272204375,8,0,2,1
C89,0,0.6265241598630096,2.720128999327222,4,1,22,1
C90,1,16.007875684082233,3.5144685856545776,4,0,2,0
C91,1,19.744809104425023,2.379529754163105,10,1,15,0
C92,1,3.876179056551341,1.5242300436234073,2,1,17,0
C93,1,5.9819585213527935,1.070105131613151,4,1,21,1
C94,1,19.93893728068913,3.0131262019332543,5,1,12,0
C95,1,8.866046222482373,4.611296901577143,2,1,14,1
C96,0,3.39105337877158,2.7515201698802407,9,1,8,0
C97,0,13.225081787875645,1.6730972182211672,1,0,14,0
C98,0,14.659471193547423,4.908741496296352,2,1,11,1
C99,1,19.852595309188658,1.5681785685171934,5,1,3,0
C100,0,17.289953670769428,2.1062134766095784,5,1,9,0
C101,0,18.307522397759612,1.0833158973043306,6,1,20,0
C102,0,6.184171180471517,1.8823804164836035,1,0,4,0
C103,0,8.09241435035683,4.298448622163603,1,0,5,1
C104,0,8.321884863300362,3.655815286470945,1,0,23,0
C105,0,13.881002225984375,4.013060352910692,4,1,3,2
C106,1,13.447251437833328,3.8237388114555957,3,0,21,2
C107,1,6.136191739135153,2.1904502739571776,3,0,11,0
C108,1,6.365042019398112,2.597942275136132,6,1,8,1
C109,0,18.822521064276238,2.949424743009177,7,0,23,2
C110,1,17.208058821509898,1.4351410057802072,1,0,3,0
C111,1,15.788608543577359,4.917399606278339,10,0,16,1
C112,1,19.81650127422921,2.4345098378957335,4,1,10,2
C113,0,14.582031750097986,2.8500961626303782,9,0,2,0
C114,1,14.453665930699204,2.3263853137820623,10,0,18,2
C115,0,13.008399397914223,4.166289662334686,8,0,14,0
C116,1,17.012010318575292,3.7414415239667016,9,1,11,2
C117,1,17.79860848761469,1.4696067512577637,9,0,15,1
C118,1,3.6934083924004586,4.20459513201203,4,1,2,0
C119,0,19.19615260127865,3.8640625491809826,9,0,22,1
C120,1,8.872219331422864,1.897975032378445,5,1,7,2
C121,1,9.931497202419107,4.850357231772333,7,0,14,0
C122,0,18.093765137336675,1.782972082904326,10,0,20,2
C123,1,8.821820539392654,2.681807430177793,3,0,1,1
C124,1,12.986027335604861,1.8595942224580986,3,0,3,1
C125,1,15.027746944674647,3.0940251202539044,2,0,11,2
C126,1,0.5322063312858863,3.1315258657359504,4,0,10,2
C127,1,13.617942611030452,3.673202833407772,2,1,3,1
C128,1,17.536425277362778,1.4016098253049316,3,0,7,1
C129,0,18.829986363704275,1.5442956998963409,4,0,14,1
C130,1,15.71941486086946,3.995505001233322,6,0,6,1
C131,1,1.6152309268311527,2.028210405748605,5,1,19,0
C132,1,5.826520279546813,3.675727495266956,0,0,20,1
C133,1,2.3032632883646644,1.0733567001870092,10,1,18,0
C134,0,15.848858359139015,2.859622081923649,5,0,19,1
C135,0,6.01109961914422,4.375928111609811,4,0,6,2
C136,1,10.875290532350412,4.421585997197644,6,1,9,2
C137,0,7.48108027845348,4.987893210152456,6,1,11,2
C138,0,10.875256369498588,3.8999294187648017,7,1,21,0
C139,0,13.21346985137377,2.955598276926318,5,0,21,0
C140,0,16.96804732334651,2.1823520756595935,10,0,20,2
C141,0,15.543940891236122,3.8045277456775572,6,0,2,0
C142,1,2.360192580354319,1.9286559105338683,2,0,15,0
C143,1,9.724273502032105,1.1368442639666143,1,0,6,2
C144,0,18.24527609022788,4.233795663546,4,0,20,2
C145,0,5.479629794608869,1.1840825322294268,3,1,20,2
C146,1,19.119928922971667,1.9937177988256218,3,0,3,1
C147,1,4.222535189417448,3.3197387628269106,8,1,8,2
C148,1,17.06565097102345,4.384115376150611,8,0,23,0
C149,0,6.087437041192443,1.7494673435267356,4,1,6,1
C150,0,14.37487729395748,3.046035434026839,8,1,4,2
C151,1,2.037875262380322,2.301567361001323,6,1,17,0
C152,1,0.643190343315629,1.7783882703692102,7,0,21,2
C153,0,4.407733076587831,4.3323872578363805,7,0,19,1
C154,1,11.132852545679906,4.883297950799706,1,1,11,2
C155,0,4.368922743072896,3.725117265661976,9,1,11,2
C156,0,10.151848234804657,4.850667341564133,8,0,10,0
C157,0,14.729389203904304,4.05363387092686,7,1,22,0
C158,0,4.13159737813329,2.6935663686214757,4,0,7,2
C159,1,8.817984468854691,1.2402953263146363,2,1,24,1
C160,1,13.339168347038244,2.2975019458869848,4,0,6,0
C161,0,14.386112704670092,1.348462387537654,4,0,3,0
C162,1,2.8029297007954703,1.4245333757027558,0,1,22,0
C163,0,3.323775943309419,3.7859547413549737,1,1,23,2
C164,0,16.82402435736437,1.0638602079904267,7,1,21,0
C165,1,13.653995132718727,1.3231837691117825,3,0,10,0
C166,1,19.159795074057566,4.821384945246031,2,1,9,1
C167,1,8.57005920323125,4.9121009598694485,0,0,2,2
C168,1,6.509067610453066,1.6446775356128907,2,1,14,1
C169,1,11.632894418645007,3.5600480906077716,9,1,4,2
C170,0,14.047999405782194,1.9413956133037122,3,1,7,0
C171,1,1.325998127079675,1.355271944165196,6,0,2,0
C172,1,3.3437996413770033,1.8652093704266783,1,0,19,1
C173,0,0.6611927869547934,1.8049281349832786,10,0,20,1
C174,0,8.574196099510855,2.567063262951425,9,1,5,1
C175,1,11.625011622067898,1.9580177231075915,5,0,13,2
C176,0,14.074517061164498,4.347669265516196,10,1,6,1
C177,1,4.579614336484131,1.7556522755694206,0,0,4,0
C178,0,18.16048619440348,2.6090407191643417,0,1,1,2
C179,0,8.344595340306974,1.0764664056876287,9,1,21,2
C180,1,9.49107341213218,3.180640432834947,7,1,21,1
C181,1,12.005183009340046,1.5177915632787853,7,0,16,2
C182,0,2.0652772883567296,3.8323206663978646,8,0,7,2
C183,1,11.217918179092647,2.167187142579482,0,1,20,1
C184,1,7.08634714667395,4.938869691389989,10,1,9,2
C185,1,0.6632685353758895,4.641335755147248,2,0,14,0
C186,1,11.893204467937027,1.3732683748513201,10,0,16,1
C187,1,4.965527737794257,1.4982147657287554,1,0,23,1
C188,0,15.33172449532131,2.4340880569821715,5,0,2,2
C189,1,19.33124985003539,3.0439806426217033,6,0,6,2
C190,1,6.61090002461033,1.5024057715705887,1,0,18,0
C191,1,5.482784228958373,1.314716472703331,5,0,7,2
C192,1,3.927269378418587,4.764852123963986,3,1,22,2
C193,0,12.953539658162278,3.940840797150099,5,0,4,1
C194,0,7.241086926263356,3.955526339945829,1,1,1,2
C195,0,4.094350899602784,2.2895559210828416,3,1,10,0
C196,1,1.3390170227576292,4.011240453647031,6,0,17,1
C197,1,12.621510312261737,2.920277762183152,8,1,15,1
C198,1,9.38860025134038,1.429332342535615,8,1,4,1
C199,0,6.474051222191007,4.836327292721039,5,0,18,1
C200,0,13.236530100122003,3.8085798507732935,3,0,14,1
C201,1,18.164113304371085,3.056510904555868,1,1,21,1
C202,0,5.008361272732802,4.692468291613226,5,0,3,2
C203,1,11.392511179075719,2.7017567891922254,9,1,12,0
C204,0,12.445510702599679,3.5356732956183063,8,1,13,2
C205,0,1.9570270689935012,4.308095662700369,8,1,7,2
C206,1,15.136305228353786,4.8209982064350125,8,0,23,2
C207,1,16.188113030006047,4.696620415709692,9,1,16,1
C208,0,5.437150277054547,1.3550748712684748,10,1,12,2
C209,0,18.300622877526827,2.626779484578168,7,1,18,0
C210,0,15.838044815107603,2.348119519512409,4,0,6,1
C211,0,0.5197926911760242,3.4427592839738304,3,0,14,1
C212,0,13.010673029670707,1.7182958460699376,1,0,2,2
C213,1,10.348882965693013,3.4084604083577275,4,0,6,2
C214,0,0.7480625773524756,1.2451223022499436,6,0,15,0
C215,1,13.157588380537545,1.606917495280649,5,1,8,1
C216,1,5.6096768431065565,3.9508721414980505,4,0,11,0
C217,1,5.377261034588879,2.565781861854867,7,1,5,2
C218,0,5.006034729284278,3.1506291274607383,4,0,24,0
C219,0,10.839503033192644,1.3510671360413737,4,0,4,2
C220,0,17.03545446667311,1.406719335746828,8,0,14,2
C221,1,17.231214627641275,1.6797158363362237,1,1,15,0
C222,1,3.792153286518996,2.724305932988244,4,1,14,0
C223,1,13.346733319180874,1.1373006841791686,5,0,6,1
C224,0,12.001594044293132,3.550682327683948,4,0,19,1
C225,1,2.211387466710005,3.8773440128166463,4,1,16,0
C226,0,12.48270390646051,3.5934543978772098,6,1,8,1
C227,1,14.289690768799561,3.331164408439382,5,1,7,1
C228,1,4.455001113950498,3.008983540610458,3,0,13,2
C229,1,2.861543127708987,1.5100209223725845,2,1,22,1
C230,0,5.87994479045379,2.615196988150019,0,1,17,2
C231,0,19.427073960441078,1.268378021411006,5,0,5,2
C232,0,10.534811615462845,1.6765300299368788,8,1,3,0
C233,0,10.698558891695937,4.303927818332238,1,0,3,0
C234,1,2.4059041457811667,1.4277196022209053,9,1,14,2
C235,0,16.5750944416236,2.7428320125042687,9,1,19,2
C236,1,18.381812881472023,3.0858954839990633,7,0,24,2
C237,0,9.326651283960068,4.147819438171682,8,1,6,0
C238,1,8.592502108315932,1.4238602904118838,7,1,2,1
C239,1,7.635997719856815,1.8699834418784618,9,1,13,2
C240,1,1.776794828566092,1.3261629404277997,6,0,11,1
C241,1,18.6414656539431,1.0957230957099195,6,0,21,2
C242,1,1.615744327382383,1.7397456548828725,5,0,9,2
C243,0,9.190930696477187,1.3482292969017906,1,0,24,0
C244,0,6.981590314128499,4.409947804950679,5,0,7,2
C245,1,5.678878874669317,2.3620529173712526,4,0,17,1
C246,0,2.0571436916113184,1.8578193351916803,10,1,12,0
C247,0,8.966634833345655,1.049184338139583,1,1,7,2
C248,0,18.273864048494623,1.7339562319973436,5,0,4,2
C249,1,19.30011657285866,2.84003835170929,2,0,24,1
C250,1,6.251275576322,1.3900999278358759,10,1,15,2
C251,1,1.647115747454868,2.129681239876415,10,1,22,0
C252,1,16.915371399379712,2.5757976016443473,8,1,23,1
C253,0,3.21775326750895,1.5629218538098364,8,1,14,0
C254,0,9.640085954095003,1.9093819404215795,7,0,11,2
C255,1,17.54615045939269,1.7954648235261077,2,0,15,2
C256,0,5.429372473577616,1.5823602578741065,8,0,5,1
C257,1,13.785415106016162,4.095925103530064,7,0,10,2
C258,0,12.038134627873847,2.4803189774105423,9,1,16,0
C259,0,13.510232203943547,2.644096295724369,0,1,3,0
C260,1,10.073469641946337,1.1464938828584414,7,0,11,2
C261,0,16.23877351955577,3.5307311451508085,1,0,22,2
C262,0,14.452324022479399,3.9864088692623914,8,1,14,1
C263,1,14.965850773813525,2.414775109333582,4,0,15,1
C264,0,0.5550718140754366,1.5221542261265384,7,0,23,0
C265,0,18.53293325994074,2.8765286491632436,7,1,7,2
C266,1,10.488034168918984,3.5106740410792154,8,1,11,1
C267,1,8.308290521776787,1.9728299687885524,7,1,18,0
C268,0,19.479225415422498,1.382224241144883,7,0,24,2
C269,0,15.765571654069458,2.5287347895664123,4,1,12,0
C270,0,12.942688401504231,2.942611327124403,10,1,13,1
C271,1,7.451654684731784,4.174981112104056,1,1,2,2
C272,0,12.88617292599429,1.0311825279514464,9,1,24,0
C273,0,12.42561624299989,2.888640532769623,3,1,16,1
C274,0,17.626576671048756,4.154444736392083,4,0,23,0
C275,1,7.7443597549053464,2.606047347693694,4,1,10,2
C276,0,19.963384096587262,2.1672707238332616,1,0,24,2
C277,0,17.50579494476275,1.9032856326361678,0,1,13,1
C278,1,7.515823135600937,1.3786178024785194,0,0,24,2
C279,0,14.222740610299033,4.706052669707585,8,0,1,2
C280,1,8.444739177323601,3.391925514166911,5,1,24,1
C281,1,8.951307513822982,4.477479857509145,10,1,2,1
C282,1,11.669636434333931,4.206299883376405,6,0,2,0
C283,0,9.664946011991944,3.042673348389065,4,1,7,2
C284,0,9.876334646537734,3.2724153689429794,9,1,17,0
C285,0,17.277094883769397,3.1001172751425057,3,0,19,0
C286,1,7.871700954333739,4.581674540221014,6,1,22,2
C287,1,6.416299642527082,3.7369996549780953,4,0,6,2
C288,0,3.124678259937172,2.515108350607115,7,0,12,0
C289,1,14.124862553098417,2.850750320861758,8,1,8,1
C290,1,10.70284256167444,2.106193793125764,9,0,19,0
C291,0,8.861268025998047,1.9131719570893182,0,0,8,2
C292,1,11.168273828418606,1.2031073142337285,5,0,6,2
C293,1,18.192213464139613,1.5105095894081266,1,0,23,2
C294,1,12.62634787257658,1.1951903399686703,4,0,18,2
C295,1,1.6865893229707607,2.8669415050899594,6,0,15,1
C296,0,0.6002163729611494,1.8545261644477313,9,0,1,2
C297,1,19.663379826841698,1.1910041563794715,8,0,17,2
C298,1,9.530551479270134,2.7344357538071034,10,1,6,1
C299,1,0.9222270442035929,3.2869708133329576,6,1,7,2
C300,1,3.7649918656146304,1.1522435231399677,9,0,11,1
C301,0,13.848929805221642,1.6723050802462498,2,0,11,0
C302,1,10.51959240050796,4.414462464196454,8,1,4,1
C303,0,9.49061107319223,3.0807654279263303,0,0,11,1
C304,0,2.757452832622704,4.914924789967595,8,0,14,2
C305,1,11.579580846595324,2.5996166922451676,6,0,22,0
C306,0,17.40542268800577,1.9320024257196322,3,0,23,1
C307,0,10.44467614601442,2.984113910845053,2,0,15,1
C308,1,3.744448543036971,3.07083516649287,8,0,24,2
C309,0,4.432246044220161,4.9215170384054385,9,0,4,0
C310,0,5.407746720042336,3.1069848007946845,10,0,24,1
C311,0,11.569999738917069,4.095364127271983,4,1,17,0
C312,0,15.247439267924598,3.9251078646736985,0,1,11,1
C313,0,16.55564033061694,3.187165539221321,5,1,4,1
C314,1,17.608567826201686,1.4413839360404865,10,0,14,1
C315,0,12.995966453486169,1.6184558952476369,6,0,7,0
C316,0,1.5768624770163409,3.6748685045369713,2,0,8,0
C317,0,4.078415441330598,2.3685076750473586,4,0,4,1
C318,0,8.126339390869745,4.230774512403127,6,0,12,0
C319,0,5.407517629900016,1.9600047071608016,5,1,19,0
C320,0,0.5211240142197406,4.037007859995764,6,0,14,0
C321,0,9.679680358677142,1.6310971949563071,8,0,16,1
C322,0,13.427638167150784,3.6442595085461997,3,0,18,1
C323,1,19.68421492045638,3.7574780395856404,5,1,13,2
C324,1,15.971660622214673,4.267519306714988,1,1,3,0
C325,0,15.846049318329198,4.735627220146718,10,0,6,1
C326,0,4.309201005629238,1.0903026652162988,2,0,10,0
C327,0,4.714201906393006,1.9852369805863748,7,1,15,0
C328,1,17.35135616962737,2.3833656922235673,3,1,9,1
C329,1,19.980100947163148,2.7884473749588397,6,0,12,0
C330,1,15.550823925319591,2.0961631212869722,2,1,5,1
C331,0,13.838397046117949,1.526589139634218,8,0,22,1
C332,1,15.108871389340292,2.6171899468875153,8,1,13,1
C333,0,14.230711818871077,3.1213394664837093,1,0,15,0
C334,0,18.58845335443007,2.5052664680066443,3,0,18,1
C335,0,9.6897342554922,1.5948464271909502,3,1,10,2
C336,0,14.551585098068676,3.9856418449364224,6,1,1,2
C337,1,13.223966840642822,4.460123687611638,8,0,4,0
C338,0,18.33483552122642,1.0987944184688963,7,1,13,1
C339,0,6.392561070965771,1.3731381404639529,8,0,16,0
C340,0,9.83975130519551,3.0360548492556862,3,0,14,0
C341,1,16.116959908418085,2.5889973987689188,6,1,21,2
C342,0,6.654746026824427,4.427055775630676,7,1,8,0
C343,0,9.42309542206283,3.9719183940303964,7,0,8,2
C344,0,9.510863432822823,2.258666362529196,1,0,8,1
C345,1,14.382574421708206,1.1996283296346144,0,1,7,1
C346,0,0.6893479396979438,4.554830852000303,1,1,19,2
C347,1,8.500675298605575,4.255128782622286,2,1,10,0
C348,0,6.272725515915856,3.2969070789023087,1,0,8,1
C349,1,10.11746704672099,2.8925339164565336,7,1,7,2
C350,0,15.4096649795431,3.8252601859020277,8,1,10,0
C351,0,11.225170829098444,1.2416439823223593,4,1,16,0
C352,1,2.517430560058471,2.8901721908262896,2,0,7,1
C353,1,5.398131400473125,1.2036846886429626,1,1,7,2
C354,1,15.851386304853326,2.3757209069782705,1,1,13,2
C355,0,9.19344575894923,4.94079634844258,5,1,20,2
C356,1,5.440716141279544,1.3528923296607371,7,0,15,1
C357,1,16.705292680962827,3.927253328612249,2,1,3,2
C358,1,14.93737341309943,4.701094912706182,7,0,22,1
C359,1,0.8761285472091216,4.510678495416502,5,0,16,2
C360,0,16.504106965545184,1.9111613183278613,9,1,14,1
C361,0,16.630239430068364,4.796631356722189,3,0,18,2
C362,0,19.931730972742603,1.2644244509992193,9,0,19,2
C363,0,4.86708538687542,2.9405972306749373,7,0,11,1
C364,1,12.746811448628788,1.853828751634278,2,1,19,0
C365,0,7.4808158381110985,1.1229420737665903,8,1,8,0
C366,0,14.308561505454431,4.3930726808581415,8,0,24,2
C367,1,0.7538098292611675,1.4521670235694288,9,1,2,1
C368,1,14.30060226093094,3.7649675809159953,0,1,8,0
C369,0,2.1012039772375735,3.7570700404387214,6,1,6,2
C370,1,2.231237807427809,4.371747393446551,4,0,14,0
C371,0,0.5783371801803265,3.6892585499636317,2,1,14,1
C372,0,9.225839864182813,1.2266689315776804,4,0,4,0
C373,0,14.874383068045905,4.226505593353042,2,0,12,1
C374,1,13.751050234492913,1.2937205982196769,0,0,23,2
C375,0,17.9460407768886,2.5822345495203893,9,1,11,2
C376,1,10.770098960697426,4.571832128760766,9,0,14,2
C377,0,2.3954217975270997,2.4041284019825095,7,1,19,0
C378,1,10.716858138720115,2.9149607648851705,3,0,11,1
C379,1,5.034263395883151,1.9430921172242934,2,1,15,2
C380,0,5.122260563902275,1.4191088981963782,2,1,2,2
C381,1,16.421338505926407,4.631734284669419,0,1,19,2
C382,0,13.37660849963653,2.4110284654438887,10,0,12,2
C383,1,11.831808461467505,1.7506266171376752,6,1,24,0
C384,1,12.054955510838072,2.318784970997776,0,1,2,2
C385,1,16.415289718781445,4.6961777715994675,8,0,15,0
C386,0,15.710650926497964,1.711599987799148,8,0,2,2
C387,0,18.33438713273897,4.907591760010451,0,0,13,0
C388,0,18.279858950137974,3.824056376789449,6,0,7,1
C389,0,5.953040202973925,3.043735955615866,7,0,13,2
C390,1,6.571782316299378,3.3484616546720742,3,1,18,2
C391,1,7.526373565485728,1.591564106763193,8,1,24,1
C392,0,4.198036704486816,1.050078189007448,2,1,14,1
C393,1,3.0103746503788344,4.765224684265251,8,0,1,2
C394,1,3.4351225685333815,2.3078618499835826,1,0,13,1
C395,1,6.712160699138703,4.292296229406204,2,1,7,1
C396,1,12.831277142618504,1.297558049573988,0,0,10,2
C397,1,5.686979379980525,4.146765088855207,0,1,3,1
C398,0,3.3181777012055087,3.3547315335317607,10,0,8,0
C399,1,2.826297243119713,1.2810183358172975,7,1,24,1
C400,1,10.7070715272395,4.463238420153326,0,1,5,0
C401,0,7.227688723083722,3.1628413082477302,2,1,17,1
C402,1,6.9697931852789505,4.759213555028058,0,1,13,1
C403,1,5.692075486428683,1.3114502355718658,3,0,24,2
C404,1,19.639118168777536,3.771532534346383,7,0,10,0
C405,0,4.317549529499325,4.674473166677013,7,1,16,1
C406,1,17.90155400207098,3.326617990278667,7,1,20,1
C407,1,11.649126479127336,1.3149530915281784,0,1,11,1
C408,1,16.322435799724957,1.5161733170443177,4,0,9,1
C409,0,6.045986649503914,2.0185935351673554,1,0,12,2
C410,1,14.151309388992834,3.8577990578365786,6,1,7,2
C411,0,15.551684610926273,2.1725797404874982,7,0,15,1
C412,0,18.101857869288004,2.8900566603935722,0,0,10,2
C413,0,8.15649825006175,1.8299801923287626,1,0,22,0
C414,0,4.546767857994693,1.4552735168025834,1,1,6,2
C415,1,18.95332213596879,1.5153079134387863,10,0,13,1
C416,0,12.429908863780819,1.075991033691487,1,0,19,2
C417,0,5.975262484731739,2.739402215187729,10,1,6,0
C418,0,5.454282788105309,2.554097697039395,3,0,12,1
C419,0,11.299787862211186,4.802090120877208,0,1,9,2
C420,0,3.1805878861745613,3.544941600085622,4,1,14,2
C421,1,4.657400888948364,1.4705097567577394,5,0,2,2
C422,1,13.680683494360734,4.176453976054982,7,1,18,0
C423,1,4.050148803053406,4.114256424336096,9,1,13,1
C424,0,5.397727475640754,1.5768820361715439,1,0,5,2
C425,0,12.323898054829087,2.958006356621612,2,0,7,2
C426,1,9.850024862143814,2.7870466782483425,4,0,16,1
C427,0,10.403620464535487,2.1546629488964997,4,1,21,0
C428,1,4.28263488571313,2.6915432722461565,3,1,9,2
C429,1,10.352316695522312,1.428968744380993,5,0,3,1
C430,1,10.17814229726579,1.0810922716332079,5,1,11,1
C431,0,12.744262086028542,4.083108622375682,1,0,6,1
C432,1,14.258259613832847,1.3329071002508024,7,0,12,0
C433,0,19.919596309724295,3.4114274874471557,0,1,22,1
C434,0,11.635558254936166,2.6852260823779113,1,1,18,1
C435,1,7.470146248306576,3.4028241823400176,7,0,13,1
C436,0,8.18515514323353,3.445274950657255,7,0,3,0
C437,0,1.8158067848352077,2.010677508411921,9,0,23,2
C438,1,11.099450271171035,3.429403578550971,6,0,8,0
C439,0,16.3284764082432,1.3551145595369851,6,0,7,1
C440,0,2.7146662327248943,4.121021585665203,1,1,6,2
C441,1,2.1482065270221122,4.890637116192329,1,1,13,0
C442,1,2.257498579356868,2.0055980716740236,8,1,18,2
C443,1,19.580814793880705,3.561910813061291,2,1,7,1
C444,1,3.8755312619140643,4.828597942466825,0,0,9,2
C445,1,16.067689686297555,4.207469818203387,4,0,14,0
C446,0,14.067834898324831,3.103648549811509,5,1,19,0
C447,1,18.25508681616654,2.910143320524463,5,1,16,1
C448,0,13.934238859949849,2.452232723776583,1,0,3,0
C449,1,11.453859839453724,3.6253638927829583,4,0,1,0
C450,1,10.951687860611269,3.5560831728449163,7,0,19,1
C451,0,18.741713441627972,2.810127975168006,2,0,10,2
C452,0,5.028835068760294,2.5991002668513925,4,0,22,0
C453,0,0.7313049131730684,3.681625104278912,4,0,21,0
C454,0,17.024754410026365,1.4079690508765048,9,1,9,2
C455,0,8.238487094102759,1.5929437977879233,3,0,20,1
C456,1,6.644104490529668,4.68599412021879,8,1,11,1
C457,0,10.238171749599795,3.6442157221436977,9,1,16,0
C458,1,6.626489483139,4.284928290602752,3,1,1,0
C459,0,12.301424162270239,4.306467466512812,4,0,23,2
C460,0,6.5797993437713345,1.4475741752828135,3,1,20,0
C461,1,10.856953172579823,2.221857831781799,1,0,11,0
C462,1,7.969442887473543,1.918269503684563,4,0,13,1
C463,1,1.388547787179121,4.812726320981165,10,0,23,2
C464,1,18.119384907304532,1.501884239777611,0,0,7,0
C465,0,9.788741310866973,4.244510966162776,3,1,10,1
C466,1,12.034536617161658,3.126625958190146,5,1,15,0
C467,1,7.396836972755773,1.3544980642911786,4,1,14,1
C468,1,8.572755201805535,2.5593540881130328,0,0,12,2
C469,1,19.063342728525807,4.945483497337541,3,1,3,2
C470,1,5.466491127388578,4.563224970664316,6,1,12,1
C471,0,2.4327945559780244,4.594029471889911,4,0,18,1
C472,0,13.420943949014744,1.2740963818161526,1,1,11,2
C473,1,7.196791739657742,4.262508814844988,10,1,16,0
C474,1,2.6511737727494027,4.804175488993599,8,1,12,1
C475,1,8.207530464307194,4.248065679641327,5,0,10,2
C476,1,6.136760683882863,1.4000520240905314,9,1,22,0
C477,0,6.90542229216451,2.65457917319894,10,1,21,0
C478,0,16.878444142234766,2.3905837593290906,8,1,20,1
C479,1,7.956006552393833,3.03017145453156,6,1,3,2
C480,1,5.133306866721101,3.9105657891351204,6,1,20,0
C481,1,4.291609235991526,4.682287142816709,0,0,1,2
C482,1,11.441653108299658,1.0583575159661347,6,0,5,1
C483,0,1.8527145227706152,3.8618596793013977,8,1,14,2
C484,1,17.26647714942549,4.561510805690681,6,1,19,0
C485,0,18.558070691904387,3.7676048156227133,1,0,6,2
C486,1,11.999263878127884,4.2160619843225415,8,1,2,2
C487,0,14.406730989290176,2.0385522980340562,6,1,10,1
C488,0,13.02945311196057,1.9545369147762082,1,0,8,0
C489,0,1.9074121044155676,2.9053310097982323,4,1,24,2
C490,0,8.379655051743832,4.391696175124091,6,1,13,0
C491,0,14.26252782027715,2.0597079759110564,1,0,9,0
C492,0,18.853232587572442,1.4477893077827177,10,1,14,1
C493,0,2.2833605933364804,2.3091396168351124,5,1,9,1
C494,0,1.9148877514531757,1.377479005192714,10,0,24,0
C495,1,4.022471465828115,3.353205299631544,7,0,18,2
C496,1,3.1235991535004564,3.7832982363424565,0,1,1,0
C497,1,4.624004107949257,2.5834867176312937,4,1,5,0
C498,0,16.05159602830737,1.6516277534510535,8,0,10,0
C499,1,11.442227487296842,1.220822822535642,9,0,4,2
C500,0,14.28767618552848,1.4305437740329072,6,1,10,2
C501,0,17.38518550543883,1.6670287074952346,1,1,13,0
C502,0,9.595568263457741,4.965122470910613,4,1,14,0
C503,0,16.79265817692151,1.597392874324865,3,1,3,2
C504,0,18.793002699391955,3.5506987220592516,3,0,11,0
C505,0,10.178795772946675,3.9626372997071737,4,1,12,0
C506,1,16.491430557105183,3.957903280911903,1,0,17,0
C507,0,13.810630467893496,3.0797067891828305,4,1,3,0
C508,1,3.5984111910937133,3.8419595186988724,8,1,7,1
C509,1,7.796981939359531,4.352789019306716,0,0,8,0
C510,1,19.592756495830738,4.011050087609901,0,1,16,2
C511,1,19.81228228889046,1.3560727617358075,7,1,2,0
C512,0,2.2636736898111725,1.9293610652810003,5,1,20,0
C513,1,2.4234303280526044,1.156445722904877,1,0,20,1
C514,0,10.522474229392666,1.1041342872134745,1,1,20,1
C515,0,13.512996409554013,4.116256442730418,0,0,19,0
C516,1,16.294190901824145,2.205190677603292,4,1,9,1
C517,1,18.24683655117018,1.151259237916257,5,1,9,2
C518,0,1.5123908568532403,3.712514427825155,6,0,12,2
C519,1,8.769126916716187,4.63256652871757,7,1,23,2
C520,1,8.573731561016599,4.042234431732972,7,0,1,1
C521,1,18.698541597929246,1.8155016315845685,5,1,7,0
C522,1,10.137791999778631,3.6851125843352617,7,1,11,1
C523,0,5.267486676489444,3.7238416071519596,4,0,9,0
C524,0,11.016162699811805,2.4870537876217194,7,1,14,1
C525,1,8.483191336720768,1.6185929128575385,9,1,3,2
C526,0,19.875107568528637,4.67656822492525,10,1,6,1
C527,0,5.177276264655458,1.1871701140399713,10,1,21,0
C528,1,19.026050619513672,3.3894047283110624,4,1,12,0
C529,1,7.764172781352668,2.952828156724935,1,0,4,0
C530,1,17.057497983904018,4.58805409316881,9,0,10,1
C531,1,16.080071431173813,4.910173941179563,9,0,20,0
C532,1,18.844957137834314,2.1288548933014786,9,0,19,2
C533,0,12.25624832271627,2.253624540161142,6,0,23,1
C534,0,9.89900887862685,3.469976586635718,3,0,19,0
C535,0,15.171939755703358,4.07271894925978,1,0,12,1
C536,1,13.185520935278156,2.927752562474969,5,0,11,0
C537,1,7.030458560155006,1.5610595558866898,1,0,11,1
C538,0,17.15193081240577,2.1157279093720236,3,0,14,1
C539,1,5.803691045374645,1.384609422695053,7,0,17,0
C540,0,12.597293190064018,2.296543537415878,0,1,1,2
C541,1,7.161874900836923,2.2690866497125004,5,1,19,0
C542,0,17.615138823571055,1.495636276958074,7,1,3,2
C543,1,4.032365692601728,2.6852421649143534,10,1,15,1
C544,0,1.9591163066861383,3.8279978515375626,8,0,14,0
C545,1,2.1748247524836772,3.2453076548593147,8,0,22,2
C546,1,8.526649499315603,2.948430246712515,0,1,7,2
C547,0,18.366866010072606,3.004867086113308,6,0,8,1
C548,0,0.7727466928929451,4.998458789449824,4,0,7,1
C549,1,14.274012623451485,1.8952065460625573,0,1,15,1
C550,1,17.791383516978843,4.923633145301311,10,1,4,2
C551,0,14.780605048603514,4.534812782403522,3,1,6,1
C552,0,17.190034868736216,1.772627769182134,3,0,11,2
C553,0,12.233865669245594,1.5162510833554856,1,0,16,2
C554,1,7.9215692055844285,4.894946434149233,4,0,18,2
C555,0,0.7168797835443481,4.159434407709112,0,1,4,2
C556,0,10.517075820185132,4.990120503789845,8,1,9,0
C557,0,18.769018999956366,1.6537143688402351,7,1,18,1
C558,0,5.9905390176244575,3.3460873074968287,3,1,14,2
C559,0,9.649886597095,2.819341352689343,9,0,17,1
C560,1,7.251294097734114,2.801268031975831,0,0,8,0
C561,0,19.936725501070637,1.2979656257581489,8,1,5,0
C562,0,2.3710004641006206,2.164493508369713,10,0,9,1
C563,0,10.769598924967624,4.831522175966066,9,0,7,1
C564,0,19.22666476638116,4.513577653724183,0,1,17,1
C565,0,17.075399407060267,4.681416110269759,10,1,19,1
C566,0,8.336154165495259,4.874354646072151,3,0,2,2
C567,0,4.568592590648246,1.571690006071766,2,0,17,2
C568,0,16.42604078095738,4.287399751207829,2,0,9,2
C569,1,19.03584672433063,1.041686543819441,0,1,1,1
C570,0,18.976387639568504,4.142069929538145,10,0,23,1
C571,1,15.243282734901513,2.6331202905553885,8,0,5,1
C572,1,4.578371866554438,4.697957574129262,3,0,15,1
C573,0,2.200663599509076,4.710327403468961,10,1,17,2
C574,1,9.326540309001793,4.027349133251946,6,0,23,1
C575,0,4.622553699067733,4.071556772682854,9,1,17,0
C576,1,19.141989721586544,1.0838505919557453,9,0,15,1
C577,1,10.053380174984962,4.513000521710815,8,0,3,2
C578,1,11.38351622117067,4.688801145462621,6,0,3,2
C579,1,0.5752471784143283,1.9163415854697128,9,0,2,1
C580,1,16.882614730992543,4.923261392447563,2,0,17,2
C581,1,19.57685954119614,3.8770171646988363,8,1,20,1
C582,0,4.734592046401051,2.2737932298515338,10,0,19,0
C583,0,15.256602127876015,2.41180317777164,2,0,21,0
C584,1,16.267891623351154,4.556386940622369,10,0,12,1
C585,0,9.485222296958566,4.2048149252813944,0,1,8,0
C586,0,12.707652506276473,3.9996890954940847,7,1,15,0
C587,0,6.485592410463139,4.176815761589327,1,1,6,2
C588,0,5.525443890915122,4.725434489213992,2,1,18,2
C589,1,11.954550069995355,4.448413618619627,6,0,14,0
C590,1,14.66982590201401,3.8316601644326114,5,1,3,2
C591,1,18.82203040781986,3.0115643855648333,10,1,11,2
C592,0,2.6545378708301905,4.717543881985392,3,0,3,1
C593,0,9.084700502348827,3.286854601070795,0,0,19,0
C594,1,18.90817932811357,4.969151873858756,1,0,12,2
C595,1,4.06372457669004,1.777701286037193,3,0,12,1
C596,1,4.349191119054697,1.2533022613779123,7,1,22,0
C597,0,0.5987166489741095,1.7468062636935846,10,0,13,2
C598,1,1.5666014808759199,2.1235317292315083,4,1,24,2
C599,0,1.7860692297108582,1.9237362454989086,1,0,9,0
C600,0,7.398832377061438,2.699363604132438,2,0,19,0
C601,1,19.108876766243707,4.366507292575527,8,0,8,1
C602,0,6.234067489749345,1.0037499254466389,3,1,1,1
C603,0,2.4931945843232604,3.019433344797305,10,0,10,1
C604,0,13.953132208832537,1.5717420108087805,0,1,7,0
C605,0,15.165194802182986,2.7152991821932786,4,1,15,2
C606,1,6.311024518697359,4.878498103498556,2,1,4,0
C607,0,6.030011250725407,1.517045083873827,7,1,2,1
C608,0,6.37146123110298,4.176287113926506,8,0,16,0
C609,1,3.501050942190794,1.0788686192616948,6,1,10,0
C610,0,1.693138481884298,3.7887357930707384,5,0,18,0
C611,1,5.725893414796856,3.7916085871171354,1,1,8,2
C612,0,7.128505969189599,4.959131867030367,4,0,2,0
C613,1,5.117989660707524,2.811377819422891,9,1,2,1
C614,0,12.445392576009441,2.537183671647505,5,1,8,0
C615,1,3.376387253492646,1.747073948507707,5,1,1,0
C616,1,7.069415473080442,3.7522595714958205,8,0,24,1
C617,0,15.729296658086426,1.7863185014721115,0,1,20,1
C618,1,19.305457541239754,4.117288210756987,8,0,1,1
C619,0,4.257444777692603,2.8858584808938326,6,1,13,1
C620,1,16.71717351224796,1.9499518819088886,0,1,8,0
C621,0,14.238146549844831,3.708130640807856,0,1,6,1
C622,1,14.414372955531276,1.0492436859801977,8,0,6,2
C623,0,13.588361583571492,4.994940946902611,2,0,15,2
C624,1,1.9744801988289589,2.444517904124044,9,0,5,2
C625,0,3.0719181307014862,1.6570342904959876,3,1,15,1
C626,0,16.28210610762553,4.047466235040639,2,0,4,0
C627,0,13.641480425739777,3.80888237705165,3,1,7,0
C628,1,15.784773616156736,1.9625108689308792,1,1,10,0
C629,1,18.64272254998031,2.0163131298282133,8,1,10,1
C630,1,13.391318033902825,4.41595205141551,3,1,18,0
C631,1,5.351822212796579,1.7549721468675505,0,1,10,0
C632,0,10.933399215427944,1.0353022406610353,1,0,17,0
C633,1,19.515316809089985,2.8037909246053454,6,1,8,0
C634,1,10.75203820812468,2.616431417605426,2,0,19,2
C635,0,14.654624023511394,2.832231703104643,10,0,3,2
C636,0,9.01763387426501,3.842439291738338,5,0,5,1
C637,1,4.004326460402028,3.7929158140412365,9,0,8,1
C638,1,5.988021352326899,1.7346287268433698,3,1,22,0
C639,1,15.924454920665259,3.2586743443696804,3,1,13,0
C640,0,13.699418377290954,3.970807391208491,2,0,18,0
C641,0,8.241546736985853,2.267141197013562,6,0,9,1
C642,1,17.35337614575364,2.1815893193696936,1,1,11,2
C643,0,7.213992648821136,4.026903119671228,0,0,20,0
C644,1,4.788458151623626,3.6692149278197403,7,0,4,1
C645,0,7.3329073115163075,4.558418478072916,8,0,19,0
C646,0,9.66806146573958,1.2064778348530956,7,1,21,2
C647,1,17.17516434852358,2.494889626860379,9,1,4,0
C648,1,1.8674198601702008,2.504681996809541,4,0,20,0
C649,0,15.059871924614518,1.4768022350873378,3,1,11,2
C650,1,12.15378909872795,4.8163666941401395,9,0,6,1
C651,0,16.31007546909266,3.840804274763467,1,1,19,0
C652,1,14.227017463004264,2.334101402620116,3,1,15,2
C653,0,5.411412435167388,4.691820072532989,9,0,19,1
C654,0,7.290046522152611,4.22450353839284,10,1,15,0
C655,1,16.681263889652012,2.1574370644339624,2,1,14,0
C656,1,19.07748984636526,1.5050309327973634,10,1,16,1
C657,1,4.986345129318175,2.789136643320706,4,0,24,0
C658,1,12.608175277511611,1.7429985089891038,6,0,7,1
C659,0,14.637283586146584,2.2488344398573994,4,1,7,0
C660,1,5.1285259123291524,4.20078568756397,2,0,1,2
C661,1,19.897820877155237,2.4629828817894373,3,0,10,2
C662,1,14.989545041864053,4.6626601189623775,10,1,21,2
C663,0,3.811716817375357,1.3300523443233008,5,0,20,1
C664,1,16.43977695291877,1.0635015905181802,2,0,8,0
C665,0,3.0325960660879323,1.8519333593944958,8,0,5,1
C666,1,11.8623048174066,1.5395773589727217,9,0,13,1
C667,1,5.872322088438145,3.8976525105453046,6,1,9,0
C668,0,14.895446526867849,4.799987573571343,1,1,22,1
C669,1,10.75813830507045,3.9487020790123037,2,1,22,1
C670,1,19.440307630546975,1.747210545207869,8,1,6,1
C671,0,1.801593195790942,4.020070795095354,10,0,6,1
C672,1,2.630290457498882,1.013592228018282,3,1,5,0
C673,0,15.208423184499452,3.750426079014753,10,0,6,1
C674,0,5.932441598672202,3.9567906731740043,0,0,2,0
C675,0,16.063801453772875,4.494553953338478,3,0,12,1
C676,0,11.296475840383362,2.9657824565850897,0,0,22,1
C677,1,17.23417960691777,1.1945945763521095,0,1,16,0
C678,0,1.7857298469471603,3.542439282565137,8,0,13,1
C679,0,4.230806606485156,2.1883867997899022,3,0,14,1
C680,0,16.035623752539777,1.6800316810245297,1,0,8,2
C681,0,5.591451872467428,3.4205457007021702,5,1,24,0
C682,0,18.660207889009477,1.2595091187365983,7,0,1,1
C683,0,4.039115709070017,4.01450055826401,4,0,10,2
C684,0,7.969119079010303,4.581526241096713,0,1,9,1
C685,1,5.664781074025268,3.4226186158926257,5,0,15,1
C686,1,19.068705653595394,3.1218963382329377,1,1,11,1
C687,1,1.3358458709363328,3.168337233832321,1,0,4,2
C688,1,8.86775351275558,4.279414388024425,9,0,18,0
C689,1,3.3727672613631547,2.0668242627498556,9,0,18,0
C690,0,15.08112525257173,3.496264842927272,9,1,8,1
C691,1,14.328005456801824,2.187396479153508,1,0,12,2
C692,0,1.5220796318645373,4.925593650798042,10,1,8,0
C693,0,16.275170183435733,4.034966790991584,4,1,1,1
C694,1,19.501691028775852,4.831739536213267,4,1,2,2
C695,0,12.545101504515099,2.359765275267214,4,0,7,0
C696,1,10.743979562380463,3.4207961979072863,5,0,12,2
C697,1,0.8257495672679405,2.220285217808282,8,1,15,2
C698,1,7.3674088181338115,2.3515731239034605,3,0,18,1
C699,0,18.76424570671861,2.314560881967216,9,0,1,1
C700,0,1.4656237332537285,2.209735839896819,10,0,12,2
C701,0,14.639068017913855,2.5872256761914874,10,0,21,1
C702,0,13.401981761077504,2.8663890895449753,8,0,18,0
C703,1,17.627497282002622,1.8577688458623975,0,0,20,1
C704,0,14.145159485977114,4.856201325310344,9,1,18,2
C705,0,6.137732182168634,2.7866421600438875,6,1,15,1
C706,1,10.219481058105313,4.2715187264571695,1,0,11,1
C707,0,3.1383290221629965,1.780653133296771,4,0,2,2
C708,0,12.741541370746216,1.2134997745874347,0,1,17,2
C709,1,19.17324099179977,3.413206800004506,3,0,5,2
C710,1,13.789272483155655,1.559807815319556,1,1,12,2
C711,1,5.34266341725306,1.1554361104474644,10,1,10,1
C712,1,15.124219787626044,1.1241586606269376,5,1,1,2
C713,1,17.762429360205115,1.5852985143050824,7,0,16,0
C714,1,12.437886265369809,1.6274068771137462,9,0,24,2
C715,0,18.87037364406605,2.827945117233134,0,1,7,0
C716,1,13.268248292855105,2.706778550910408,5,1,14,0
C717,0,12.1250901276585,1.2010948629171851,3,0,20,1
C718,0,8.441626878591723,2.1657024942217085,4,1,4,2
C719,1,18.82891972152595,2.8719578911120096,3,1,15,0
C720,0,15.283522649870502,3.703985524281024,3,0,5,1
C721,0,18.993871083983425,1.0841499654675064,0,0,9,0
C722,0,14.020284609721243,4.555494912023107,2,1,4,1
C723,1,12.224835661150738,3.421773833242783,3,0,11,1
C724,1,14.178598351596433,2.4187214530699124,4,0,18,0
C725,0,11.769872681153448,2.9928427598047667,0,1,18,0
C726,0,3.235306256986128,4.433985259412096,2,1,23,1
C727,0,10.58036981761666,4.291230611562465,1,0,20,0
C728,1,0.6848967873389821,1.5256926810489198,2,1,11,2
C729,1,15.830179153481438,2.5199057119194226,8,0,5,1
C730,1,16.227615521298112,2.106469424956717,1,1,16,2
C731,0,12.786203616113617,4.400106753413008,0,0,19,0
C732,0,5.897571085602747,1.1998256088445407,9,0,11,2
C733,0,5.707595683240394,4.729468564205494,6,0,13,2
C734,0,7.598280837650811,2.043499105950714,3,0,2,0
C735,1,7.773783538597907,2.295064403746551,4,1,7,0
C736,0,11.47053087241962,4.8090021269812455,0,1,15,2
C737,0,9.906419899674939,1.2941996797881186,5,1,23,0
C738,1,8.07305378705539,2.8541798622207217,9,1,19,1
C739,1,14.645767865365153,1.4636907318049888,5,0,21,1
C740,0,16.18109710892345,3.4257827524084554,5,1,6,0
C741,0,10.491000251118157,2.393886793884837,4,1,10,1
C742,0,8.97625209297197,1.4993559794615634,7,0,2,0
C743,0,0.8772567531155673,1.7955494160468386,0,0,24,0
C744,1,3.5955676598293427,2.293649655396424,3,1,2,1
C745,0,0.5878365147205091,4.1011413480400885,0,0,23,1
C746,0,0.8283607861146925,3.3848477569273414,5,0,11,0
C747,1,14.477090427090157,1.2048781098189365,9,1,14,2
C748,0,11.472696742822166,2.48447122079187,10,1,23,1
C749,0,5.61236002484803,2.4756150487721666,7,1,5,0
C750,0,16.416824440514297,3.2694587994544952,4,1,4,2
C751,1,18.40305934984523,3.1123169950190372,8,1,16,2
C752,1,5.796623198818437,1.3345125759297054,5,1,7,2
C753,1,19.328478876389596,1.8982399998246904,6,0,12,0
C754,1,18.027730784110116,2.78154469117416,9,1,7,0
C755,0,14.537168386559523,4.2602706201569855,7,0,21,1
C756,0,4.1425795662648,2.7782930722247783,1,0,4,2
C757,1,11.558085083623189,4.528727503794291,0,1,15,0
C758,0,6.274731054705317,2.027154761665521,8,1,2,2
C759,1,5.809634804412388,1.328743390957574,3,1,5,0
C760,1,4.160376273488316,2.917257415571236,0,0,9,2
C761,0,10.763493874429576,2.990794388687106,3,0,18,0
C762,0,1.375308730664266,4.446060746734886,2,0,4,2
C763,1,5.4080129837087885,2.9262958609823646,3,1,22,0
C764,0,15.89095711849678,4.769043382945432,1,0,5,1
C765,1,13.204743900882217,2.9517591154530596,9,0,11,0
C766,0,13.972286736925547,2.4624435984823947,1,0,13,0
C767,1,16.02023430994122,2.850705845159796,2,0,20,1
C768,1,10.722739951265572,3.1163240327774067,7,0,8,2
C769,1,3.9615230405502038,1.3451548074207746,9,0,5,0
C770,0,11.572884426510367,1.1155384274457978,7,1,8,1
C771,1,14.386785638023445,3.0350899469701065,7,0,2,0
C772,0,0.7182616824640694,4.469711485521355,10,0,22,2
C773,0,9.84035902472929,1.5313732429901714,9,0,23,2
C774,0,4.523275710531987,2.6616185881532006,8,1,4,1
C775,1,6.092819223110585,1.5358800874168375,5,0,24,2
C776,1,6.607899502996774,2.279291319420444,10,0,21,1
C777,0,19.847025166374287,2.505270071278786,10,1,1,1
C778,1,12.89257892502112,4.3903704465798645,0,0,15,2
C779,1,7.935861690207339,3.719728346899415,7,1,20,0
C780,0,17.521880535025964,4.3654527408073385,0,0,15,1
C781,1,10.221586616643641,2.0844235976085304,9,0,8,2
C782,1,0.7287239751006186,2.2335138676783477,7,0,6,0
C783,1,7.387197673448071,3.527598394701133,9,0,24,0
C784,0,14.18893377804383,1.6556539264761283,10,0,18,2
C785,1,2.470675120952925,3.188762382865481,2,1,4,0
C786,1,13.201543506927004,2.1287591315551433,1,1,7,2
C787,1,10.610213860347162,4.737412239687454,1,1,12,1
C788,1,3.1307306153696928,3.005734636735569,7,0,15,1
C789,0,14.868142182395106,2.5672429294765338,3,1,2,2
C790,1,19.049450688139704,3.7243542518471138,9,1,10,0
C791,0,7.384286687698636,4.57042779173678,3,0,22,2
C792,0,15.76243458924398,2.6221625909823367,1,1,18,2
C793,0,5.8938462865541315,3.2522009500504256,8,1,4,0
C794,1,12.24888985724647,2.188182138843931,9,0,21,1
C795,0,19.250297925845633,3.64921415127369,7,1,5,0
C796,0,12.139959915530715,1.3468851073766461,10,1,6,1
C797,0,16.259537316088938,2.482907187523655,1,1,17,2
C798,0,14.998790533075178,4.5293714613557565,5,1,16,2
C799,1,15.011829169920727,1.0074286911351895,9,1,5,2
C800,0,19.07855160048331,1.2254047353058843,6,1,5,0
C801,1,18.53836594490477,2.7889016761287317,6,0,12,1
C802,0,10.162960790304211,4.294516670056795,9,1,15,0
C803,1,4.559081214191855,2.4540028946344457,3,0,15,2
C804,0,12.155254434150036,2.440928005202013,3,1,5,1
C805,0,12.147499040582575,2.2786472370147646,4,0,18,2
C806,0,6.358869103166408,1.662201422524996,4,1,19,0
C807,0,5.896908281993065,3.0914278449817276,8,0,14,2
C808,1,14.415056242211014,1.6043429048364146,10,0,22,0
C809,1,14.888078088127369,4.7798194747135,2,0,13,0
C810,1,10.663196113250939,1.850563008493118,4,0,15,1
C811,1,10.883145869084093,2.8257872885894373,0,1,15,2
C812,0,12.11227387538264,1.8366199968091297,6,1,3,0
C813,1,11.729921698451218,1.087251123379331,7,0,1,0
C814,1,16.094377029589374,4.200220871313871,6,1,23,1
C815,0,1.047368513146052,3.2932924928985967,7,0,7,2
C816,1,13.923185071399319,1.2636172386816993,7,1,16,1
C817,0,16.966152190367275,3.626458801451398,8,0,24,2
C818,0,13.482290193336391,2.730838741594152,8,1,1,2
C819,0,16.501230652294876,1.288698135191984,8,1,20,0
C820,1,13.765818145243804,4.504820925623008,1,0,20,0
C821,0,18.865596690903377,4.003577360143486,3,0,11,2
C822,0,1.8578323403956898,3.479334384243473,8,0,8,2
C823,0,18.873719549496066,2.827069375112064,5,0,12,2
C824,1,4.75214479012103,4.038558638038385,9,0,10,2
C825,1,9.558805692897392,4.835532430201754,7,1,13,1
C826,1,13.100925252415056,1.2175775256971155,5,1,22,2
C827,1,17.425920122569583,4.781400741321253,5,1,3,2
C828,1,6.873086211976798,3.0110903877624198,10,0,22,0
C829,1,7.223826685145083,4.3781198874186265,3,0,3,0
C830,0,19.592073866058733,1.0898921845102474,5,0,7,0
C831,0,3.834027197416531,2.095112512328286,7,0,21,0
C832,1,11.885057082669775,4.359741859106919,2,0,18,2
C833,1,18.930149720570377,4.559456368788909,3,0,19,0
C834,0,13.069067019639808,2.625676410712057,8,0,18,2
C835,1,8.453621857888836,4.241740118115995,0,0,16,2
C836,0,16.167923994661322,2.5145963684373194,6,1,11,0
C837,1,7.242061373426212,1.3354200024700864,5,0,21,0
C838,0,2.7732434770591508,1.346816263363865,4,1,19,2
C839,1,15.990826623093495,3.31456934515568,3,0,24,1
C840,0,9.275789897133299,4.9402048897725175,5,0,11,2
C841,0,3.28587633548287,4.068766751525661,1,1,9,0
C842,0,12.46512251046745,2.786115057624931,7,1,1,2
C843,0,16.36791207790855,2.39813900048568,7,1,13,0
C844,1,12.351010255142484,1.3678329106586866,7,0,6,2
C845,1,15.757752632241447,3.9965299764114173,5,0,4,0
C846,0,18.963977543997057,4.000696179570225,5,0,1,2
C847,0,16.573446524693203,3.320920469426419,7,0,9,2
C848,0,7.463321245495499,2.0013517323429197,4,0,1,2
C849,0,15.251780295815506,1.0814411120432403,7,1,12,1
C850,0,2.0689997229029813,1.8970537437866057,0,1,15,2
C851,0,18.164300939400913,2.865351153089605,10,1,10,2
C852,1,17.735680806672278,2.50030877640171,7,0,15,2
C853,1,7.589782961841402,1.8869377089237966,5,1,9,0
C854,0,3.054734211875998,3.4407482340254547,1,1,10,1
C855,1,18.074864404071636,4.979263006216475,2,1,16,0
C856,1,19.889835665216395,1.9153262640081485,2,1,2,2
C857,1,3.3965747253808205,4.318547157180549,0,0,10,2
C858,0,14.357776742737874,4.537407922205954,8,0,15,2
C859,1,3.957225891508003,4.489640497035364,8,0,2,0
C860,1,5.451630441817135,2.897286146904309,3,0,2,0
C861,0,10.988747287942328,3.227358158103539,10,0,21,1
C862,1,6.757459570791959,2.18009225094056,4,0,12,0
C863,0,1.2416125215247757,3.3800772625654596,3,0,2,2
C864,0,6.465625362214039,2.8534008698021704,10,1,19,0
C865,1,9.682783448973456,3.0531245470241157,6,1,14,2
C866,1,4.679425635852583,3.6141526764922816,10,1,8,1
C867,0,13.517693582127416,4.753616948734646,0,1,13,0
C868,1,8.30215684533246,2.7252500844459115,3,0,17,1
C869,1,8.125332154268353,1.6222254113479257,5,1,13,1
C870,0,17.143506588047515,1.8985627444972302,9,1,18,1
C871,0,5.540454843033536,3.431927766937274,1,1,22,1
C872,0,13.037842664851018,1.855476099241414,2,1,9,2
C873,1,9.695044847119531,1.1987868753938504,1,0,4,2
C874,1,5.30354254465609,2.1071254002415594,10,1,20,1
C875,0,11.877085769654387,1.4577690421230085,8,0,4,1
C876,1,15.612421817320717,4.4465606965697155,7,0,3,1
C877,1,17.86298421639907,3.163779887217353,1,0,20,0
C878,0,4.3735238101617915,2.8689964192103847,7,0,3,2
C879,0,19.524936678138438,4.377413457145066,10,0,15,2
C880,1,17.584124283126034,4.430352046927351,8,1,18,0
C881,0,6.665682184960206,2.978198316066539,0,1,2,1
C882,1,16.240758584142736,3.5245494400125144,5,1,6,2
C883,1,11.89415282495494,4.85135308824249,6,1,17,2
C884,1,4.371028196432814,2.4553022274062233,9,0,20,1
C885,1,18.223628740902893,1.2603459279775722,8,0,16,2
C886,0,9.532753636719217,4.951821858294225,7,0,6,2
C887,0,6.194959977365648,4.593450549254292,5,0,20,2
C888,1,5.7315195956035385,3.053643538228077,6,1,13,2
C889,0,11.46463994634138,1.4524246246280987,6,1,18,1
C890,0,6.141137853335963,3.3733683945526507,5,1,14,0
C891,0,18.76348436921568,2.935619118860574,4,0,22,1
C892,0,0.6798485746926113,4.969381662278146,0,0,7,0
C893,0,6.979645112909856,4.131298821342504,6,0,19,1
C894,1,14.791251044538495,4.214054868434786,8,0,22,0
C895,0,5.441082770766256,4.148563399487811,5,0,1,0
C896,0,0.8558274598435408,2.7616508775546458,0,1,16,2
C897,1,9.71368721922102,4.4992341934933355,2,0,7,1
C898,1,8.825446006451603,2.666927645790814,6,1,1,2
C899,0,3.843508656271312,1.894746026100084,3,1,18,2
C900,0,14.301423625930221,3.8392746104562345,9,0,7,1
C901,1,8.536446436031934,4.094045272020127,3,1,11,2
C902,1,6.195012278004081,3.456755836432422,6,0,7,2
C903,0,10.967229251513253,3.7591141606949954,7,1,14,0
C904,0,0.8223581723374459,1.2335935561424587,10,1,19,1
C905,1,12.607438746010109,1.115186425324707,0,0,5,2
C906,0,7.9292000091558235,2.9266537264387025,3,1,14,0
C907,0,12.392529093106502,4.318057013370411,9,0,8,2
C908,1,2.814784833222619,4.242412624821979,8,0,20,1
C909,1,7.062012047901702,4.386395947645401,5,0,2,0
C910,0,0.7232835074967341,3.5030572731888023,8,1,21,1
C911,1,12.339205511541751,3.12202549052611,3,0,15,1
C912,1,16.685256608872642,2.813140660534894,9,0,2,1
C913,1,3.9049193997756446,3.359488572828287,8,0,15,1
C914,1,4.949903042251684,4.266008682280181,8,1,10,0
C915,1,8.655754877282515,1.8231487416106429,6,0,18,2
C916,1,15.185611249014583,3.4570758181732693,4,0,8,2
C917,1,4.572424529007721,3.686324478002167,7,0,7,0
C918,1,9.36461682335442,2.325922896865036,2,1,8,1
C919,1,8.09374416384632,3.496756379795844,6,1,1,1
C920,0,0.5431019012922262,2.096894540350736,3,0,2,1
C921,0,6.063727231211619,4.661745050484853,6,1,3,1
C922,0,17.789287578231676,1.645737688629207,10,1,8,1
C923,1,6.449402577237204,3.3749246876941417,4,1,12,0
C924,1,17.986713428198655,3.3318813860232828,6,1,1,1
C925,1,2.1932545803018875,2.2282603234280693,5,0,12,1
C926,0,14.395016224684701,3.804988463474027,3,0,1,2
C927,0,18.564743585100477,2.1097135262204083,4,1,10,1
C928,0,16.31163025120314,3.483669618867138,9,0,24,0
C929,1,3.0313193343612133,4.303388209003771,3,1,15,2
C930,1,7.436122815989792,2.1899165006774104,3,1,12,1
C931,1,7.236032890735675,1.0416589264997942,8,1,16,1
C932,1,5.316182951552832,4.201033947625433,0,0,7,1
C933,0,4.84854404189903,2.265839448338118,0,1,16,1
C934,1,2.290237248781536,4.503681582769159,9,0,13,2
C935,1,9.275054703920897,2.0691845931751747,2,1,15,0
C936,1,14.214655956933589,4.224509904465581,5,1,24,1
C937,1,10.600050013013595,3.097136691273145,4,1,1,1
C938,1,17.279265550137687,1.4143538640554505,5,1,24,1
C939,0,12.33511180480825,1.5098652557999706,7,1,3,1
C940,1,17.668390749037556,2.5168126732829412,2,1,4,0
C941,0,9.965562267362902,2.9071781040600726,3,1,14,1
C942,1,17.728237537140306,2.295302475821545,7,1,6,0
C943,1,3.392626175114194,2.9257662617641467,8,1,4,2
C944,0,3.9376692270857245,3.2290950847388644,7,0,14,0
C945,1,12.982750982811108,4.798645873848859,4,1,13,0
C946,1,11.81831936720804,1.281210834746648,6,1,16,1
C947,0,16.3816486373925,3.248979157748128,8,0,11,2
C948,0,17.69635720998074,3.6568088309393523,6,0,24,0
C949,0,6.494099688959646,4.629979513587963,4,1,23,0
C950,0,11.662781188269578,1.0967947853258235,10,1,7,1
C951,1,8.804068841106446,2.885056940341227,7,0,12,0
C952,1,14.421262670011973,1.3716160967982938,9,1,24,1
C953,1,13.926912673501016,2.788842757435769,2,1,10,2
C954,0,1.3352337068770372,3.2803339375689915,9,1,2,1
C955,1,11.711826253587938,4.7531896432781755,3,0,7,2
C956,1,9.595413185110747,1.1422391884200929,1,1,15,1
C957,1,14.49558014390646,1.9723039119087868,9,0,14,0
C958,1,11.484518665147991,4.211407898286309,2,1,4,0
C959,1,7.45005605994452,1.177467170423959,1,1,10,1
C960,0,19.68575084357516,3.416167587206955,5,0,15,1
C961,0,7.916403507083425,1.559269965112326,6,1,19,1
C962,1,6.370890615930515,1.9952413129239304,9,0,18,1
C963,0,11.100161393738524,3.240038366991968,2,1,11,0
C964,1,17.493414110844597,1.1380540242956014,4,0,15,0
C965,1,16.320016446163574,2.836578473827381,4,0,18,1
C966,0,17.518398556416805,2.8034206273855524,3,0,18,0
C967,1,3.3263253316516836,3.0152391474477485,7,1,21,0
C968,0,3.2795939754458567,2.513740457036125,4,1,24,0
C969,1,10.761503242913312,2.2788366089561976,10,0,23,2
C970,1,12.333256457820598,1.756491807733842,3,0,3,2
C971,0,18.790432741464766,3.9054096325014216,8,1,10,2
C972,1,13.3648537311073,4.805298269000098,10,1,1,2
C973,0,1.6190602485741608,1.5744739687173999,5,1,20,0
C974,1,7.906178995952046,2.8982982762431884,3,1,10,0
C975,0,2.372512918859268,1.5941592584008015,5,0,17,2
C976,1,4.64096872830512,1.7221459478178938,5,1,21,2
C977,0,5.139935166485696,1.257679090361885,1,1,24,0
C978,1,5.011264751720772,3.2063543783122763,8,0,15,2
C979,1,13.08791407256194,3.6891914844498364,2,1,1,0
C980,1,2.88752072289787,1.2467383330135218,5,0,2,1
C981,0,9.450263036105197,1.6188183059471273,2,0,13,1
C982,0,6.500922754029867,4.569923606480525,4,0,23,1
C983,0,10.595396929140543,2.5311028769029806,7,1,1,0
C984,1,14.202160617107978,2.1696520764163822,2,1,8,0
C985,0,11.114460035336778,1.2331350350275754,9,0,13,2
C986,1,15.027915538313334,2.9909832938703147,6,0,11,1
C987,1,10.0155560515373,4.833770067011036,10,0,6,2
C988,1,7.473203634307032,2.0385981942914673,2,0,12,2
C989,0,6.819962721640495,4.820117910757148,7,1,5,0
C990,0,8.33778525791455,4.156832083470898,6,1,11,1
C991,1,2.5330754525097103,4.727926536684658,7,1,11,2
C992,1,8.610438871562101,4.283770545746999,3,0,23,0
C993,0,6.9621480085597325,2.012303047275118,0,1,24,0
C994,0,8.382007755269436,2.0965580922772316,8,0,8,2
C995,1,10.09572681904432,3.4026299860630416,0,0,18,0
C996,1,9.75770623272926,3.383110224721235,2,1,11,2
C997,0,0.6645433037234674,3.390449419236256,5,0,20,0
C998,0,3.9987304612630377,3.679561851434247,7,1,9,1
C999,1,9.638892254296325,1.1495120161017751,2,0,1,1
C1000,0,13.006312887445713,1.4804535149812135,6,0,20,2
